{"cameraMode":{"drawMode":0,"name":"Shaded","section":"Shading Mode"},"sceneLighting":true,"audioPlay":false,"sceneViewState":{"showFog":false,"showMaterialUpdate":false,"showSkybox":false,"showFlares":false,"showImageEffects":false,"showParticleSystems":true},"in2DMode":false,"pivot":{"x":5.590000152587891,"y":0.8899999856948853,"z":3.0899999141693117},"rotation":{"x":0.12210438400506973,"y":0.20449678599834443,"z":-0.025718729943037034,"w":0.9708842039108276},"size":5.715767860412598,"orthographic":false}