{"cameraMode":{"drawMode":0,"name":"Shaded","section":"Shading Mode"},"sceneLighting":true,"audioPlay":false,"sceneViewState":{"showFog":false,"showMaterialUpdate":false,"showSkybox":false,"showFlares":false,"showImageEffects":false,"showParticleSystems":true},"in2DMode":false,"pivot":{"x":5.881355285644531,"y":5.402671813964844,"z":-6.660514831542969},"rotation":{"x":-0.06634276360273361,"y":0.83567214012146,"z":-0.10357186198234558,"w":-0.5352848768234253},"size":71.91400146484375,"orthographic":false}